CustomerID,Age,AnnualIncome,SpendingScore,WebVisits,DaysSinceLastPurchase,EmailsOpened,AdClicks,SocialMediaInteractions,AvgSessionDuration,ItemsInCart
CUST-0001,53,65,57,26,360,58,48,126,19.74,11
CUST-0002,32,45,73,15,176,97,27,146,19.51,9
CUST-0003,65,51,82,2,18,65,23,53,23.92,2
CUST-0004,56,49,22,21,149,41,30,76,22.67,6
CUST-0005,34,61,53,23,233,3,36,158,29.45,14
CUST-0006,27,121,35,5,125,71,3,61,9.99,8
CUST-0007,26,145,7,28,101,59,33,56,17.55,10
CUST-0008,54,51,44,13,111,15,18,177,1.58,13
CUST-0009,57,93,36,29,184,53,12,0,27.6,13
CUST-0010,45,135,41,2,320,55,8,169,19.81,2
CUST-0011,66,82,68,1,5,74,12,37,16.52,3
CUST-0012,48,34,55,18,228,44,4,81,27.42,11
CUST-0013,34,118,90,17,243,54,1,67,13.37,9
CUST-0014,25,28,23,6,355,76,49,140,17.83,11
CUST-0015,30,30,91,10,196,40,37,172,24.28,8
CUST-0016,33,114,44,3,92,19,30,146,14.56,9
CUST-0017,67,48,30,4,275,56,43,138,21.78,1
CUST-0018,57,140,19,13,205,93,38,174,25.81,4
CUST-0019,34,119,79,10,99,13,7,19,15.33,1
CUST-0020,45,104,24,26,316,93,31,135,26.63,13
CUST-0021,62,73,76,26,102,91,4,102,8.27,13
CUST-0022,31,78,34,21,31,77,27,156,14.49,7
CUST-0023,29,83,25,21,290,98,39,29,17.62,1
CUST-0024,19,51,10,23,78,44,42,106,3.6,5
CUST-0025,65,142,53,15,201,69,43,159,21.14,8
CUST-0026,48,27,45,27,324,32,31,41,15.89,10
CUST-0027,38,129,82,2,132,44,20,20,22.88,9
CUST-0028,40,68,90,12,59,18,16,7,10.18,4
CUST-0029,36,20,8,8,11,15,9,19,11.88,3
CUST-0030,27,128,61,16,108,6,29,166,25.11,0
CUST-0031,60,102,57,6,357,62,44,15,21.91,6
CUST-0032,59,99,49,18,210,12,43,118,25.17,4
CUST-0033,59,140,33,5,192,52,10,121,7.88,7
CUST-0034,19,32,89,29,199,27,37,18,21.99,7
CUST-0035,36,131,86,29,300,99,15,138,2.06,3
CUST-0036,57,81,25,17,345,88,16,145,16.61,10
CUST-0037,34,110,11,14,44,41,25,178,14.1,10
CUST-0038,32,43,64,14,260,1,42,62,14.33,4
CUST-0039,23,28,31,0,305,72,32,5,22.08,1
CUST-0040,18,105,68,29,288,90,28,152,10.0,11
CUST-0041,34,132,18,26,146,44,6,95,7.66,3
CUST-0042,22,133,22,9,32,67,6,138,8.31,11
CUST-0043,64,33,32,0,163,44,13,193,9.26,11
CUST-0044,54,36,44,14,161,37,28,27,4.25,14
CUST-0045,59,104,82,7,271,96,33,22,9.81,14
CUST-0046,69,33,67,4,144,39,48,108,4.59,6
CUST-0047,45,50,30,21,282,24,6,110,14.39,13
CUST-0048,49,120,56,11,162,13,43,52,7.93,8
CUST-0049,20,72,19,22,347,9,28,94,14.2,6
CUST-0050,22,83,54,23,92,27,14,120,29.86,14
CUST-0051,56,87,41,12,43,22,23,143,18.53,14
CUST-0052,59,109,73,11,360,60,43,104,10.55,5
CUST-0053,37,62,17,27,55,15,25,101,13.31,0
CUST-0054,37,115,10,5,89,63,49,123,24.47,4
CUST-0055,36,125,91,8,350,76,22,106,1.68,12
CUST-0056,67,44,38,19,250,60,12,138,1.42,8
CUST-0057,25,110,74,18,277,17,8,115,21.85,2
CUST-0058,54,132,51,15,271,43,6,160,15.16,5
CUST-0059,62,37,7,20,68,29,8,172,19.88,11
CUST-0060,63,61,9,25,20,43,43,62,7.43,7
CUST-0061,48,96,78,0,173,40,37,98,22.22,0
CUST-0062,29,129,89,23,260,52,20,41,8.52,13
CUST-0063,61,28,16,20,259,46,19,72,11.98,11
CUST-0064,21,40,10,3,294,96,13,66,14.56,1
CUST-0065,19,24,34,24,189,8,49,134,27.41,6
CUST-0066,21,142,29,25,350,48,31,20,10.76,8
CUST-0067,45,42,44,11,362,37,23,113,12.71,9
CUST-0068,32,63,19,29,180,35,16,84,26.2,13
CUST-0069,45,108,26,12,187,7,31,113,9.76,7
CUST-0070,47,106,32,25,335,48,12,6,7.28,3
CUST-0071,51,75,57,16,331,79,33,123,6.6,11
CUST-0072,43,71,69,5,214,48,46,101,14.86,1
CUST-0073,39,146,69,26,81,61,19,29,1.13,2
CUST-0074,25,111,94,9,202,54,11,10,27.5,11
CUST-0075,34,66,84,19,177,78,24,43,27.4,12
CUST-0076,48,65,22,26,33,28,44,199,2.77,7
CUST-0077,32,53,36,18,330,6,6,118,23.47,3
CUST-0078,44,111,48,8,320,36,49,3,10.92,14
CUST-0079,49,62,16,16,44,24,23,183,2.97,12
CUST-0080,27,58,89,24,355,19,33,145,28.19,6
CUST-0081,56,114,64,9,12,44,5,165,13.68,8
CUST-0082,65,58,13,2,295,20,34,152,27.21,0
CUST-0083,34,141,10,5,269,78,29,12,24.88,12
CUST-0084,23,117,12,6,202,38,31,4,11.84,8
CUST-0085,52,72,54,0,149,35,21,26,9.84,0
CUST-0086,63,64,46,11,204,47,26,138,15.31,5
CUST-0087,42,91,61,25,34,79,47,61,4.09,3
CUST-0088,31,26,59,23,282,50,32,115,27.19,3
CUST-0089,61,77,93,25,226,0,47,100,11.5,7
CUST-0090,58,38,10,1,341,19,6,3,28.06,9
CUST-0091,49,119,83,10,315,48,17,157,4.94,14
CUST-0092,50,33,95,7,297,16,43,39,27.3,12
CUST-0093,30,133,40,23,145,69,12,32,17.25,10
CUST-0094,62,32,61,0,141,91,0,179,12.62,10
CUST-0095,23,53,17,17,61,32,3,148,10.4,4
CUST-0096,32,80,9,2,95,38,18,123,15.72,13
CUST-0097,65,95,9,19,9,7,26,159,20.91,6
CUST-0098,48,80,13,8,254,75,14,79,13.81,6
CUST-0099,36,39,47,23,362,58,29,137,29.87,7
CUST-0100,18,140,8,15,323,2,42,39,25.91,8
CUST-0101,57,37,96,19,149,34,0,149,21.54,13
CUST-0102,25,89,3,22,352,92,28,17,7.53,13
CUST-0103,40,40,57,16,313,17,31,124,21.29,11
CUST-0104,34,69,85,18,157,54,46,144,26.22,11
CUST-0105,18,85,65,1,224,85,22,132,20.58,3
CUST-0106,26,113,64,22,161,4,35,45,25.22,6
CUST-0107,44,129,74,0,58,7,4,66,4.76,2
CUST-0108,62,131,17,12,346,77,40,170,26.61,4
CUST-0109,55,133,38,4,183,27,0,47,23.68,10
CUST-0110,48,108,41,20,178,47,37,31,28.68,12
CUST-0111,29,102,85,2,296,35,24,197,11.42,7
CUST-0112,23,90,29,15,174,89,37,178,19.82,5
CUST-0113,59,100,51,13,189,50,3,159,7.35,3
CUST-0114,40,132,95,26,265,96,45,177,17.4,13
CUST-0115,23,94,28,6,209,49,14,25,15.27,10
CUST-0116,36,109,31,24,302,56,1,51,14.0,12
CUST-0117,45,84,24,26,132,83,1,154,26.35,4
CUST-0118,47,116,68,20,200,11,46,0,23.81,0
CUST-0119,42,117,41,23,162,34,17,181,9.61,3
CUST-0120,51,53,90,18,338,5,37,99,29.68,10
CUST-0121,46,51,87,14,8,11,20,128,16.25,8
CUST-0122,33,103,8,24,135,65,40,55,3.05,1
CUST-0123,24,116,25,4,30,61,30,7,6.63,4
CUST-0124,53,115,25,19,268,57,21,24,1.33,4
CUST-0125,65,147,61,22,256,87,31,58,20.39,13
CUST-0126,38,34,52,4,93,81,32,168,25.28,10
CUST-0127,67,36,54,19,352,89,13,170,15.93,9
CUST-0128,26,133,27,2,191,5,17,182,20.37,6
CUST-0129,50,98,15,27,59,83,15,103,7.74,14
CUST-0130,36,136,3,18,311,63,33,8,13.28,0
CUST-0131,31,91,22,5,70,61,37,54,13.92,12
CUST-0132,46,68,97,15,247,41,0,180,21.45,3
CUST-0133,65,33,19,23,115,74,46,138,4.28,7
CUST-0134,36,59,73,24,201,60,12,195,22.11,11
CUST-0135,35,76,38,13,31,39,21,125,3.94,0
CUST-0136,40,27,53,13,183,54,17,4,11.93,14
CUST-0137,37,49,81,6,223,12,9,154,9.16,7
CUST-0138,61,146,26,28,141,40,39,94,20.36,14
CUST-0139,46,118,39,22,110,61,35,148,20.83,3
CUST-0140,37,37,72,24,284,74,6,3,24.69,4
CUST-0141,67,51,50,9,150,80,32,158,17.59,1
CUST-0142,22,88,57,28,24,70,37,114,10.74,3
CUST-0143,36,44,79,10,311,17,31,158,10.72,3
CUST-0144,69,97,88,4,220,3,7,152,4.83,12
CUST-0145,54,93,89,19,284,18,21,169,2.78,9
CUST-0146,59,102,53,17,99,61,11,32,19.92,2
CUST-0147,38,76,34,8,234,8,28,57,10.4,8
CUST-0148,50,79,14,1,46,79,29,89,23.36,6
CUST-0149,28,80,18,17,193,85,3,12,17.92,11
CUST-0150,49,76,43,27,100,45,41,124,17.77,5
CUST-0151,33,42,77,23,102,40,2,170,16.66,4
CUST-0152,40,74,81,15,316,82,14,83,14.49,2
CUST-0153,24,67,37,24,250,14,18,19,14.45,9
CUST-0154,27,55,96,7,246,0,30,7,1.5,10
CUST-0155,48,62,80,18,258,70,22,173,26.68,12
CUST-0156,32,113,28,16,183,50,21,136,17.44,9
CUST-0157,20,28,21,24,214,4,26,60,18.43,6
CUST-0158,37,61,70,15,231,2,43,9,6.29,0
CUST-0159,18,57,5,13,29,8,42,86,3.72,8
CUST-0160,26,113,78,2,107,20,24,193,20.8,13
CUST-0161,26,92,94,5,70,74,40,147,21.61,13
CUST-0162,25,129,57,19,60,26,14,161,12.97,11
CUST-0163,30,101,33,22,359,71,43,75,29.46,13
CUST-0164,38,101,15,27,307,59,16,186,3.78,10
CUST-0165,26,62,27,27,88,56,43,69,25.08,12
CUST-0166,28,142,1,21,112,62,34,182,21.44,1
CUST-0167,40,22,36,8,165,48,39,23,11.4,5
CUST-0168,26,139,45,8,55,58,15,175,17.07,11
CUST-0169,50,133,77,4,212,56,27,59,20.1,10
CUST-0170,33,58,39,10,124,6,20,199,22.37,7
CUST-0171,64,148,55,9,308,33,42,108,13.98,12
CUST-0172,23,62,89,4,123,85,34,84,16.66,10
CUST-0173,53,73,36,19,102,51,40,3,21.35,7
CUST-0174,61,133,31,19,107,25,12,90,26.22,5
CUST-0175,61,48,79,25,352,81,40,136,27.32,10
CUST-0176,54,38,64,0,18,99,40,18,10.42,7
CUST-0177,18,141,88,12,89,10,17,120,6.62,6
CUST-0178,20,79,86,18,337,42,41,159,23.96,12
CUST-0179,20,30,32,23,293,24,13,6,11.32,6
CUST-0180,67,149,14,24,267,73,23,157,26.42,13
CUST-0181,45,99,3,0,126,79,34,171,27.0,7
CUST-0182,19,76,72,21,70,0,4,80,3.54,4
CUST-0183,63,105,37,6,203,79,32,86,25.36,8
CUST-0184,41,21,61,24,284,91,25,98,4.05,14
CUST-0185,19,57,6,29,190,63,22,120,25.98,10
CUST-0186,41,75,1,14,314,28,35,134,16.18,2
CUST-0187,68,67,89,8,73,42,1,43,12.75,9
CUST-0188,40,55,4,23,4,89,11,92,13.49,8
CUST-0189,37,74,84,1,226,11,43,18,9.85,3
CUST-0190,42,85,28,13,171,22,31,56,20.16,12
CUST-0191,18,143,44,13,79,23,4,68,22.66,7
CUST-0192,31,100,95,23,87,90,37,196,14.72,6
CUST-0193,27,30,33,11,99,82,4,80,10.89,0
CUST-0194,19,148,13,21,115,58,35,144,29.03,9
CUST-0195,27,113,21,20,331,9,22,153,11.43,0
CUST-0196,18,149,12,27,175,78,16,6,25.89,14
CUST-0197,58,21,55,2,326,37,12,160,26.66,8
CUST-0198,41,62,20,13,211,60,4,157,29.59,12
CUST-0199,57,41,63,26,94,21,38,156,15.66,3
CUST-0200,22,89,99,5,99,47,10,70,13.53,8
CUST-0201,65,142,93,29,124,0,34,161,23.48,7
CUST-0202,35,85,73,7,100,12,9,2,9.27,7
CUST-0203,45,120,4,13,337,14,30,143,26.02,11
CUST-0204,54,80,70,14,215,99,2,73,16.16,4
CUST-0205,68,100,30,10,297,28,25,62,4.99,9
CUST-0206,51,105,50,24,223,68,1,196,29.24,9
CUST-0207,41,87,9,3,211,52,8,134,16.98,10
CUST-0208,23,135,22,24,281,5,33,9,6.21,2
CUST-0209,54,132,99,2,331,16,1,11,16.01,6
CUST-0210,36,58,3,17,119,78,49,101,9.26,6
CUST-0211,52,91,45,4,327,87,22,110,17.18,1
CUST-0212,48,101,72,22,39,12,15,6,25.18,10
CUST-0213,31,119,60,11,329,40,13,29,19.54,10
CUST-0214,51,122,70,17,206,56,13,165,26.67,6
CUST-0215,68,103,8,28,168,21,44,136,6.38,11
CUST-0216,53,117,19,21,268,15,9,107,24.68,10
CUST-0217,47,143,70,4,228,32,9,2,14.37,12
CUST-0218,19,98,56,27,256,21,3,96,25.34,4
CUST-0219,36,52,36,8,359,46,33,172,10.54,1
CUST-0220,38,91,24,20,150,30,47,138,13.42,3
CUST-0221,59,70,65,8,190,51,6,162,4.29,14
CUST-0222,18,34,34,8,172,43,6,76,23.97,10
CUST-0223,67,104,79,27,291,5,16,102,1.44,6
CUST-0224,52,122,96,2,122,93,0,163,7.14,13
CUST-0225,32,62,78,0,247,92,5,76,12.32,7
CUST-0226,69,140,84,16,222,66,17,71,4.13,2
CUST-0227,48,121,18,15,46,21,2,82,4.08,11
CUST-0228,58,87,66,23,265,67,22,118,6.98,4
CUST-0229,28,78,93,4,53,57,20,17,1.35,10
CUST-0230,23,78,71,21,160,30,31,64,9.85,5
CUST-0231,33,143,53,13,306,68,47,168,11.58,1
CUST-0232,37,124,58,23,341,45,34,190,13.5,9
CUST-0233,64,122,70,11,124,97,43,8,17.65,14
CUST-0234,44,58,16,17,81,78,44,54,19.41,0
CUST-0235,39,31,18,23,102,43,47,73,28.87,8
CUST-0236,43,40,35,19,90,87,15,115,3.08,12
CUST-0237,55,95,18,22,13,26,26,58,28.79,14
CUST-0238,35,126,33,2,39,35,37,32,26.36,11
CUST-0239,48,132,31,4,6,71,44,50,13.96,1
CUST-0240,67,121,57,26,128,93,46,192,26.86,1
CUST-0241,18,45,54,19,140,48,33,94,7.19,6
CUST-0242,46,133,2,10,272,94,14,159,8.88,6
CUST-0243,26,48,82,14,64,55,16,60,4.73,11
CUST-0244,32,140,67,19,326,39,3,131,15.79,12
CUST-0245,18,55,47,9,149,51,19,157,24.84,0
CUST-0246,49,62,37,21,108,77,17,17,29.31,2
CUST-0247,63,51,71,28,326,52,31,22,24.2,1
CUST-0248,23,39,65,19,256,20,33,37,3.06,7
CUST-0249,44,112,87,15,48,8,9,1,28.05,1
CUST-0250,59,45,34,10,319,91,38,75,19.97,9
CUST-0251,37,40,49,28,246,9,21,179,7.9,8
CUST-0252,46,130,15,1,171,7,32,120,22.36,6
CUST-0253,29,28,20,5,62,56,28,79,28.97,1
CUST-0254,53,103,66,9,94,66,17,5,6.06,10
CUST-0255,66,146,20,6,337,7,7,30,21.49,2
CUST-0256,37,23,80,3,172,31,41,88,10.63,4
CUST-0257,21,136,28,15,42,84,33,45,1.7,9
CUST-0258,41,77,99,1,101,44,18,150,5.98,0
CUST-0259,21,87,19,5,339,52,31,30,28.26,14
CUST-0260,49,42,82,3,62,87,22,26,14.4,4
CUST-0261,20,37,14,1,116,65,0,170,4.85,2
CUST-0262,47,115,38,23,144,8,43,166,16.15,9
CUST-0263,56,142,93,13,164,8,7,86,26.33,6
CUST-0264,36,61,57,7,98,67,13,74,9.66,13
CUST-0265,65,53,99,25,283,4,26,97,12.53,12
CUST-0266,25,25,91,23,3,75,30,75,24.89,0
CUST-0267,18,63,58,28,245,3,37,26,9.08,7
CUST-0268,53,47,31,17,207,76,1,147,20.28,4
CUST-0269,55,50,97,19,304,18,12,12,9.3,3
CUST-0270,19,31,49,24,296,36,22,94,24.92,11
CUST-0271,48,141,42,28,34,29,9,133,6.85,0
CUST-0272,45,69,62,28,264,46,22,33,7.66,3
CUST-0273,49,84,97,7,348,54,34,37,13.9,9
CUST-0274,47,105,16,4,222,40,5,153,5.86,7
CUST-0275,24,34,81,16,5,90,25,174,1.62,8
CUST-0276,25,69,17,13,341,89,6,25,23.66,9
CUST-0277,53,27,4,0,191,66,35,187,25.67,14
CUST-0278,32,43,86,24,73,38,0,177,16.73,2
CUST-0279,27,101,44,14,304,58,4,93,21.7,5
CUST-0280,25,77,79,8,51,10,38,167,6.54,5
CUST-0281,43,122,94,5,140,31,34,149,16.11,13
CUST-0282,44,66,32,29,288,50,37,61,8.03,3
CUST-0283,57,68,74,22,90,25,47,71,25.77,12
CUST-0284,49,149,5,10,311,66,11,31,21.89,2
CUST-0285,56,77,39,17,3,51,4,166,24.96,14
CUST-0286,32,36,22,14,147,54,16,33,10.83,14
CUST-0287,22,139,21,24,85,4,38,173,1.08,3
CUST-0288,60,42,28,26,237,77,23,12,16.65,14
CUST-0289,39,83,94,9,76,4,29,91,27.27,10
CUST-0290,28,121,27,28,296,86,25,30,16.01,14
CUST-0291,22,84,77,27,30,0,43,194,11.89,4
CUST-0292,50,86,37,8,51,84,37,31,6.37,5
CUST-0293,66,65,13,8,282,71,36,148,25.3,1
CUST-0294,35,23,5,13,102,87,35,36,13.58,9
CUST-0295,55,35,64,3,184,95,34,43,29.53,4
CUST-0296,21,131,25,3,105,95,6,159,16.77,13
CUST-0297,33,82,97,0,184,4,31,177,6.08,7
CUST-0298,35,97,15,19,301,80,40,169,12.12,8
CUST-0299,41,34,89,29,161,82,6,21,7.52,6
CUST-0300,66,61,69,28,266,74,13,178,7.1,7
CUST-0301,29,85,24,6,310,75,20,41,20.23,11
CUST-0302,48,124,34,11,188,62,48,185,21.18,3
CUST-0303,44,60,82,7,64,70,42,109,15.77,5
CUST-0304,26,22,22,0,295,28,27,83,21.02,0
CUST-0305,69,25,56,2,52,13,34,116,14.26,7
CUST-0306,38,87,59,15,298,69,22,34,21.92,4
CUST-0307,28,130,14,14,47,42,28,143,9.51,13
CUST-0308,43,57,88,27,63,67,3,154,24.7,5
CUST-0309,27,40,86,21,12,92,36,133,2.03,10
CUST-0310,64,66,20,12,220,12,24,45,28.52,1
CUST-0311,49,85,15,3,253,35,40,180,27.64,0
CUST-0312,57,67,52,20,91,72,3,110,3.28,7
CUST-0313,59,58,89,20,123,49,44,132,6.34,5
CUST-0314,40,118,48,5,140,30,41,19,22.93,0
CUST-0315,34,104,85,26,48,46,27,156,10.87,0
CUST-0316,62,34,74,1,111,39,7,117,24.17,2
CUST-0317,33,121,38,4,232,84,48,108,5.97,13
CUST-0318,57,80,77,18,137,9,17,14,22.56,10
CUST-0319,33,72,59,28,115,0,23,2,5.04,1
CUST-0320,49,147,81,23,321,48,43,152,6.27,1
CUST-0321,31,26,94,25,304,13,32,199,14.14,14
CUST-0322,35,26,55,7,142,92,8,137,14.32,6
CUST-0323,53,23,39,19,337,79,14,87,21.79,3
CUST-0324,64,144,69,0,328,13,4,139,25.9,1
CUST-0325,37,138,92,15,333,18,15,20,10.71,9
CUST-0326,63,107,41,26,210,70,49,137,19.63,5
CUST-0327,46,143,12,0,101,37,35,43,8.11,6
CUST-0328,37,75,40,28,23,72,31,45,10.71,0
CUST-0329,69,99,67,8,54,57,16,35,8.15,4
CUST-0330,39,69,73,29,316,93,42,184,2.72,6
CUST-0331,67,125,79,17,70,75,28,39,7.19,9
CUST-0332,34,101,49,10,178,54,27,142,26.95,8
CUST-0333,50,135,67,18,187,34,11,170,3.52,7
CUST-0334,44,135,1,27,113,7,5,62,13.61,12
CUST-0335,48,29,63,3,321,85,40,124,27.89,1
CUST-0336,48,28,91,8,313,59,44,113,16.21,0
CUST-0337,47,148,38,28,152,25,21,110,7.42,2
CUST-0338,68,104,71,15,71,34,19,140,1.58,7
CUST-0339,32,81,58,19,17,91,11,167,29.38,12
CUST-0340,32,120,49,15,131,32,20,140,16.84,12
CUST-0341,52,148,5,6,100,76,43,154,23.71,6
CUST-0342,26,80,8,22,120,96,45,65,15.91,1
CUST-0343,35,59,23,24,208,97,20,62,4.59,1
CUST-0344,58,30,27,20,39,57,18,199,10.01,2
CUST-0345,28,30,70,24,335,77,37,153,16.74,10
CUST-0346,24,32,18,28,214,99,7,94,29.15,0
CUST-0347,27,41,44,20,290,88,39,1,14.63,2
CUST-0348,47,95,76,21,281,72,3,79,10.45,0
CUST-0349,51,35,50,16,62,93,46,110,23.55,3
CUST-0350,42,125,99,14,350,31,1,39,14.5,13
CUST-0351,36,55,61,22,233,22,39,3,28.34,14
CUST-0352,38,145,26,26,276,6,30,120,7.1,12
CUST-0353,64,60,12,28,169,6,27,198,13.8,5
CUST-0354,43,74,63,20,358,49,24,118,3.37,9
CUST-0355,23,55,30,1,99,72,44,88,10.33,4
CUST-0356,30,139,12,8,349,76,31,160,25.82,13
CUST-0357,67,127,32,4,344,32,35,161,7.73,4
CUST-0358,63,73,33,1,199,3,46,125,21.43,0
CUST-0359,33,79,96,14,173,61,35,62,26.69,10
CUST-0360,42,123,98,23,62,95,23,125,23.9,2
CUST-0361,56,69,50,22,212,94,47,116,10.11,4
CUST-0362,30,95,2,8,287,34,11,104,10.19,8
CUST-0363,19,37,57,4,334,52,25,99,9.97,0
CUST-0364,23,132,22,15,96,58,23,125,13.93,5
CUST-0365,35,50,64,28,69,9,42,8,26.03,11
CUST-0366,29,40,96,14,97,58,26,167,19.35,1
CUST-0367,42,80,19,8,0,31,31,20,10.74,0
CUST-0368,63,57,39,11,153,99,28,154,22.97,14
CUST-0369,37,27,70,21,120,5,28,84,13.76,9
CUST-0370,44,97,13,19,65,27,20,172,16.95,6
CUST-0371,69,26,63,15,352,65,25,8,8.91,9
CUST-0372,60,31,60,13,306,71,5,20,25.86,3
CUST-0373,41,99,2,0,252,28,44,138,25.06,2
CUST-0374,66,129,28,28,320,97,23,36,1.93,9
CUST-0375,61,85,83,26,292,83,15,143,5.95,6
CUST-0376,26,91,78,0,103,4,13,49,29.63,13
CUST-0377,28,147,8,15,68,71,13,97,22.54,8
CUST-0378,57,52,61,5,63,9,39,18,13.19,10
CUST-0379,21,76,25,26,55,77,14,8,7.32,10
CUST-0380,62,47,78,29,352,12,24,43,13.7,1
CUST-0381,22,114,77,15,64,20,48,186,26.94,14
CUST-0382,48,129,59,26,196,42,23,187,25.48,9
CUST-0383,48,95,10,3,23,12,22,18,29.79,8
CUST-0384,49,149,16,14,206,36,30,23,4.66,2
CUST-0385,44,63,90,2,138,72,24,61,2.44,4
CUST-0386,50,136,90,26,65,63,35,143,7.06,11
CUST-0387,31,55,50,6,81,75,2,35,3.2,10
CUST-0388,30,117,13,19,360,23,18,109,22.07,9
CUST-0389,63,78,53,21,205,10,0,167,1.08,2
CUST-0390,37,94,41,28,360,89,8,121,19.34,8
CUST-0391,28,93,3,10,19,20,41,74,10.51,9
CUST-0392,51,41,9,15,202,60,35,114,3.85,11
CUST-0393,55,112,15,26,276,29,36,95,19.37,0
CUST-0394,51,97,14,9,326,8,14,104,24.07,0
CUST-0395,18,74,80,1,222,56,28,86,26.02,0
CUST-0396,69,140,85,3,196,31,38,71,17.01,13
CUST-0397,62,108,37,27,176,24,15,104,4.35,14
CUST-0398,54,104,53,10,247,10,47,88,16.61,0
CUST-0399,18,141,58,28,175,47,28,85,16.58,5
CUST-0400,26,75,63,22,106,80,25,60,19.25,2
CUST-0401,69,22,68,4,11,82,30,165,20.62,1
CUST-0402,42,44,8,22,338,20,12,131,29.22,12
CUST-0403,44,38,89,9,216,10,2,92,7.91,2
CUST-0404,23,131,8,2,172,8,19,181,22.86,9
CUST-0405,47,43,4,25,269,60,3,61,11.73,8
CUST-0406,36,36,64,4,82,6,2,123,10.19,9
CUST-0407,30,41,13,0,132,44,35,39,17.13,10
CUST-0408,63,93,67,6,193,42,17,44,1.87,5
CUST-0409,24,24,90,21,278,35,38,50,20.54,14
CUST-0410,63,116,99,7,343,35,39,5,24.22,1
CUST-0411,39,137,45,28,100,76,40,81,5.94,3
CUST-0412,64,144,5,23,192,89,43,134,21.32,11
CUST-0413,20,77,26,3,63,1,9,163,27.48,6
CUST-0414,40,75,98,22,104,21,3,194,26.41,10
CUST-0415,49,31,72,3,156,5,45,158,8.3,4
CUST-0416,30,87,70,11,340,29,31,43,17.78,13
CUST-0417,56,136,63,15,323,31,31,54,29.65,8
CUST-0418,65,57,21,8,273,81,31,50,17.61,13
CUST-0419,23,43,60,2,213,48,44,183,22.32,10
CUST-0420,67,103,7,4,119,45,14,156,6.36,4
CUST-0421,63,45,75,29,245,19,42,103,12.03,1
CUST-0422,33,86,64,17,53,47,16,37,20.6,2
CUST-0423,40,104,75,11,83,68,48,51,27.21,4
CUST-0424,66,147,11,26,336,54,33,46,9.74,4
CUST-0425,36,34,42,22,325,83,40,11,6.16,9
CUST-0426,49,54,29,16,34,5,26,32,21.32,12
CUST-0427,57,54,91,8,250,0,25,135,1.07,13
CUST-0428,55,101,42,28,232,55,43,119,29.4,14
CUST-0429,64,43,20,1,173,76,24,38,21.36,9
CUST-0430,36,124,66,13,168,81,3,31,24.73,13
CUST-0431,54,44,67,7,95,79,44,13,5.41,6
CUST-0432,54,43,95,2,61,53,12,35,1.46,4
CUST-0433,21,79,35,26,146,69,49,61,25.58,12
CUST-0434,27,113,25,4,50,79,9,86,12.76,12
CUST-0435,65,88,32,20,31,42,11,78,25.38,7
CUST-0436,18,125,86,16,210,77,18,184,16.32,5
CUST-0437,26,60,27,13,297,39,30,96,1.42,10
CUST-0438,60,74,3,14,71,74,19,110,28.99,3
CUST-0439,35,38,42,12,162,26,36,170,23.5,14
CUST-0440,18,114,1,18,337,26,20,51,29.03,2
CUST-0441,43,34,82,25,84,2,3,46,23.0,5
CUST-0442,54,59,19,4,341,58,42,22,10.3,0
CUST-0443,32,94,20,18,304,31,49,187,1.99,7
CUST-0444,23,86,56,23,37,19,38,54,16.29,1
CUST-0445,31,22,40,3,202,29,27,122,13.93,7
CUST-0446,69,89,1,6,16,36,48,46,26.81,2
CUST-0447,27,66,86,18,147,70,16,110,26.79,8
CUST-0448,59,48,15,19,287,77,28,182,27.53,12
CUST-0449,23,100,69,7,160,40,47,65,16.31,6
CUST-0450,31,44,66,19,139,75,45,195,15.59,3
CUST-0451,51,58,65,1,114,7,5,195,8.52,3
CUST-0452,68,54,89,5,353,78,18,35,13.44,14
CUST-0453,18,99,34,4,292,5,6,96,11.58,4
CUST-0454,21,42,13,22,19,7,7,65,15.22,0
CUST-0455,48,35,22,10,290,44,44,15,16.97,5
CUST-0456,64,58,87,15,117,26,44,29,6.82,3
CUST-0457,63,64,71,10,290,1,32,122,18.26,10
CUST-0458,24,108,46,12,316,56,1,188,4.23,8
CUST-0459,63,34,57,10,283,3,17,89,6.09,14
CUST-0460,53,46,6,27,268,2,14,102,15.61,1
CUST-0461,21,76,45,25,301,7,48,121,13.72,11
CUST-0462,57,117,9,24,311,87,6,8,17.44,8
CUST-0463,69,79,65,7,261,85,27,6,10.49,12
CUST-0464,29,143,10,2,59,30,22,133,26.85,1
CUST-0465,19,30,83,25,185,97,38,90,14.2,0
CUST-0466,39,25,85,0,150,94,19,115,25.07,14
CUST-0467,26,105,95,15,301,34,31,60,27.98,4
CUST-0468,49,51,62,26,126,62,0,55,6.22,14
CUST-0469,65,91,85,12,137,72,21,171,19.38,0
CUST-0470,31,97,62,16,354,64,12,117,19.61,6
CUST-0471,32,131,75,29,108,66,14,68,27.88,7
CUST-0472,36,31,74,17,111,92,5,96,25.51,0
CUST-0473,62,136,60,5,179,90,45,172,18.9,14
CUST-0474,20,124,92,17,31,63,0,91,9.66,7
CUST-0475,52,78,29,27,222,48,42,148,4.87,8
CUST-0476,52,29,26,2,213,97,30,60,1.09,6
CUST-0477,38,55,61,19,138,1,0,194,12.18,4
CUST-0478,38,56,60,8,229,60,47,101,9.9,6
CUST-0479,63,92,14,17,284,53,2,21,24.64,0
CUST-0480,51,62,27,14,344,16,32,63,27.94,6
CUST-0481,50,39,90,15,303,63,44,186,6.33,1
CUST-0482,19,144,12,18,283,81,2,21,5.97,12
CUST-0483,24,142,42,23,238,88,9,110,22.67,4
CUST-0484,44,98,27,10,303,33,28,2,4.86,7
CUST-0485,32,144,2,0,306,32,47,83,4.15,0
CUST-0486,35,128,65,1,250,16,16,38,16.62,6
CUST-0487,44,94,6,27,80,9,2,179,20.08,9
CUST-0488,50,148,71,28,138,96,6,12,23.72,4
CUST-0489,49,65,67,21,28,95,29,29,14.76,3
CUST-0490,43,82,18,26,266,60,34,22,4.3,5
CUST-0491,67,126,7,21,313,91,35,1,23.9,10
CUST-0492,23,38,23,8,31,44,16,191,22.1,13
CUST-0493,56,47,40,5,43,13,23,74,23.59,1
CUST-0494,59,124,9,29,259,6,31,85,3.4,13
CUST-0495,30,119,40,29,27,60,36,76,1.98,13
CUST-0496,33,98,69,8,311,58,1,120,13.35,11
CUST-0497,66,127,15,28,346,60,0,42,23.39,9
CUST-0498,56,34,88,1,224,62,12,126,7.43,14
CUST-0499,33,45,85,21,35,14,26,100,3.41,14
CUST-0500,35,50,34,5,71,90,29,19,18.66,0
CUST-0501,56,121,1,6,29,29,18,170,1.62,13
CUST-0502,61,143,23,9,197,94,13,149,11.25,1
CUST-0503,54,79,77,21,229,42,33,194,28.4,0
CUST-0504,63,125,71,24,260,87,27,69,8.46,10
CUST-0505,46,116,60,6,35,1,35,130,25.58,4
CUST-0506,35,99,84,9,174,55,3,109,18.13,9
CUST-0507,34,85,86,10,315,78,38,124,15.08,1
CUST-0508,56,48,70,22,88,28,28,67,14.44,5
CUST-0509,27,67,68,11,243,16,27,36,18.44,14
CUST-0510,68,40,61,22,364,65,7,151,5.87,4
CUST-0511,56,96,87,15,73,66,7,92,22.56,13
CUST-0512,63,142,88,28,342,30,34,188,19.57,10
CUST-0513,63,54,2,16,11,22,12,165,27.15,6
CUST-0514,52,143,93,7,235,78,36,59,2.74,4
CUST-0515,44,75,45,28,86,16,1,9,14.69,6
CUST-0516,21,147,76,2,118,90,41,28,16.14,3
CUST-0517,23,105,46,13,317,76,36,133,20.55,11
CUST-0518,24,22,24,11,350,93,42,107,26.28,14
CUST-0519,44,46,85,10,109,90,36,126,12.54,14
CUST-0520,36,86,22,3,4,74,10,10,9.78,12
CUST-0521,29,25,55,12,277,91,26,43,29.42,14
CUST-0522,48,96,50,19,212,84,0,40,5.38,6
CUST-0523,47,54,64,26,81,68,3,106,6.66,7
CUST-0524,69,100,38,10,97,82,19,86,8.64,4
CUST-0525,60,36,97,21,29,48,42,194,29.32,0
CUST-0526,51,84,47,14,232,44,28,187,3.94,8
CUST-0527,48,40,76,20,312,96,42,97,16.94,2
CUST-0528,47,22,94,1,172,94,30,146,26.85,5
CUST-0529,47,136,10,26,212,18,30,0,4.05,14
CUST-0530,65,148,33,5,165,39,37,169,20.42,3
CUST-0531,39,132,25,21,8,78,45,60,18.23,11
CUST-0532,24,107,75,17,341,16,24,25,18.1,13
CUST-0533,34,42,67,28,29,57,25,146,23.38,11
CUST-0534,33,103,94,26,113,53,17,141,3.79,11
CUST-0535,37,142,72,19,50,41,48,164,23.01,4
CUST-0536,45,101,14,9,210,89,25,57,29.96,3
CUST-0537,24,67,56,28,261,97,17,178,14.6,14
CUST-0538,25,54,26,23,37,24,24,21,3.87,0
CUST-0539,59,77,78,26,59,57,19,162,9.54,14
CUST-0540,31,34,62,8,81,81,3,50,9.37,1
CUST-0541,60,104,17,0,310,39,38,81,23.65,2
CUST-0542,18,114,97,24,248,79,27,67,25.98,3
CUST-0543,64,37,28,9,328,97,19,158,17.42,10
CUST-0544,64,28,3,11,17,7,10,157,19.52,6
CUST-0545,55,117,84,27,323,77,2,128,7.38,2
CUST-0546,19,112,72,2,147,44,11,50,11.26,9
CUST-0547,40,87,37,8,236,45,47,86,24.35,4
CUST-0548,34,99,14,16,100,99,48,46,25.48,6
CUST-0549,66,144,60,20,60,60,27,118,20.71,11
CUST-0550,21,118,96,28,361,40,47,56,6.18,11
CUST-0551,31,144,77,9,219,72,37,154,7.46,2
CUST-0552,34,78,45,13,140,12,10,171,5.98,1
CUST-0553,29,88,15,18,133,89,49,11,15.82,7
CUST-0554,19,87,36,28,102,79,45,82,18.65,6
CUST-0555,51,103,8,28,156,35,24,73,20.47,14
CUST-0556,27,84,71,1,31,69,21,88,28.87,0
CUST-0557,68,105,45,14,174,26,25,81,6.11,12
CUST-0558,34,117,78,23,41,53,26,12,27.64,6
CUST-0559,19,29,56,10,225,3,5,95,14.69,11
CUST-0560,69,130,50,24,237,58,10,46,11.04,6
CUST-0561,48,68,83,8,311,45,39,72,8.65,6
CUST-0562,23,21,90,19,295,55,33,63,8.6,0
CUST-0563,64,33,17,19,103,34,38,144,4.56,6
CUST-0564,39,132,66,5,201,97,45,160,13.12,3
CUST-0565,28,27,13,8,83,63,17,115,4.62,14
CUST-0566,51,27,8,12,220,49,28,43,4.51,10
CUST-0567,36,57,41,14,251,84,22,79,7.21,11
CUST-0568,60,136,77,0,224,74,0,110,23.94,7
CUST-0569,56,71,41,1,251,80,37,183,22.84,0
CUST-0570,52,73,35,17,308,36,49,147,5.47,13
CUST-0571,60,59,54,22,347,22,47,30,17.73,13
CUST-0572,36,108,60,22,251,38,29,43,10.04,12
CUST-0573,55,44,83,4,208,51,38,9,11.85,8
CUST-0574,61,114,51,9,319,99,7,91,4.02,5
CUST-0575,30,77,55,13,268,37,46,144,5.81,10
CUST-0576,25,113,30,20,309,27,33,167,26.78,13
CUST-0577,68,81,53,13,49,55,34,130,21.56,10
CUST-0578,65,39,41,29,184,90,9,191,27.96,11
CUST-0579,47,84,76,0,59,72,16,74,25.0,2
CUST-0580,69,70,53,1,215,85,24,163,21.14,8
CUST-0581,65,23,55,23,132,77,29,14,2.22,7
CUST-0582,42,56,61,27,129,59,3,22,1.03,3
CUST-0583,54,23,47,0,271,48,11,186,24.62,8
CUST-0584,33,52,4,24,150,70,38,140,4.23,9
CUST-0585,18,100,75,22,255,47,7,27,6.18,5
CUST-0586,67,73,48,5,14,86,21,161,2.81,14
CUST-0587,18,105,52,21,173,74,7,102,8.64,7
CUST-0588,65,36,3,9,164,40,36,189,13.93,9
CUST-0589,24,96,46,3,246,9,48,0,26.67,12
CUST-0590,44,20,38,10,313,88,6,107,27.96,7
CUST-0591,22,107,85,25,358,1,15,122,8.26,6
CUST-0592,35,89,44,28,185,14,4,107,3.35,6
CUST-0593,30,37,81,5,95,14,41,27,28.75,5
CUST-0594,67,126,33,21,58,40,7,157,3.12,13
CUST-0595,49,75,16,7,290,11,44,115,22.09,9
CUST-0596,57,96,50,9,104,10,37,49,28.45,13
CUST-0597,54,64,11,6,71,10,1,64,15.57,0
CUST-0598,52,66,96,28,324,34,16,124,20.12,13
CUST-0599,48,100,44,20,214,7,24,154,2.47,6
CUST-0600,45,128,8,9,51,88,17,145,22.29,14
CUST-0601,29,90,29,22,200,35,11,47,6.76,13
CUST-0602,68,133,27,25,194,82,25,59,10.29,5
CUST-0603,69,129,99,3,100,7,5,98,3.06,12
CUST-0604,20,48,40,29,166,65,23,173,3.23,4
CUST-0605,50,63,96,27,271,50,37,47,25.64,7
CUST-0606,37,139,51,17,197,8,43,163,19.67,2
CUST-0607,65,56,5,27,318,82,13,16,6.19,1
CUST-0608,25,65,66,8,251,94,20,9,14.8,10
CUST-0609,30,138,9,10,142,4,3,94,28.84,3
CUST-0610,20,57,29,14,169,48,27,156,18.49,7
CUST-0611,18,133,34,28,278,82,48,89,20.05,13
CUST-0612,61,70,82,28,135,64,12,193,28.57,12
CUST-0613,49,33,87,10,50,12,3,175,5.79,12
CUST-0614,69,128,7,7,60,7,45,27,13.29,5
CUST-0615,40,142,35,3,81,11,35,110,3.44,7
CUST-0616,28,88,40,15,121,43,41,85,8.74,14
CUST-0617,55,33,1,5,51,38,25,66,3.1,14
CUST-0618,18,50,64,25,285,10,49,192,3.76,8
CUST-0619,69,138,28,4,154,0,42,63,8.35,14
CUST-0620,30,27,50,25,331,29,36,162,24.05,9
CUST-0621,43,122,32,20,128,98,45,86,29.84,0
CUST-0622,57,74,43,25,212,37,32,98,21.17,8
CUST-0623,51,64,89,25,37,16,49,78,13.46,5
CUST-0624,42,72,85,29,53,59,13,152,11.07,0
CUST-0625,25,104,8,23,196,62,20,50,9.59,7
CUST-0626,22,98,34,0,76,90,38,178,5.05,4
CUST-0627,35,109,84,29,260,78,30,135,1.26,14
CUST-0628,23,31,46,28,221,55,10,79,24.02,4
CUST-0629,23,42,80,9,236,79,43,107,28.88,4
CUST-0630,65,24,2,11,300,74,36,118,25.51,14
CUST-0631,35,38,64,21,135,0,7,157,24.19,14
CUST-0632,38,145,15,23,181,89,34,24,8.25,14
CUST-0633,61,142,74,22,149,27,39,142,23.37,12
CUST-0634,40,141,71,13,263,27,14,128,20.86,2
CUST-0635,19,55,67,0,220,28,19,42,13.33,2
CUST-0636,28,93,5,16,362,68,31,64,27.05,11
CUST-0637,24,94,33,8,348,86,46,121,3.12,10
CUST-0638,66,124,41,0,258,10,13,140,23.25,5
CUST-0639,69,149,22,23,168,86,6,136,11.84,14
CUST-0640,65,41,16,21,56,30,0,62,15.63,9
CUST-0641,55,65,6,21,128,53,10,55,6.61,5
CUST-0642,69,75,3,14,2,37,21,120,5.59,13
CUST-0643,51,139,89,17,324,50,19,13,26.95,2
CUST-0644,57,82,26,2,273,76,43,84,18.81,8
CUST-0645,18,115,24,5,152,52,45,93,5.6,6
CUST-0646,48,130,99,14,213,93,14,78,23.64,9
CUST-0647,60,98,5,27,321,65,2,124,10.51,7
CUST-0648,41,52,22,11,321,66,1,127,24.37,7
CUST-0649,25,54,6,12,253,88,12,119,22.94,1
CUST-0650,22,46,68,5,91,58,43,177,20.26,8
CUST-0651,43,91,79,18,15,7,47,13,24.01,4
CUST-0652,35,84,41,6,315,34,49,119,2.92,6
CUST-0653,68,79,34,26,48,40,9,157,20.19,7
CUST-0654,35,81,76,10,100,30,18,99,26.16,14
CUST-0655,61,78,3,11,65,57,43,158,22.22,12
CUST-0656,27,86,67,22,252,21,48,159,4.03,9
CUST-0657,19,134,27,1,354,94,24,87,5.35,14
CUST-0658,40,76,97,23,347,55,8,47,19.54,10
CUST-0659,51,129,30,26,109,3,8,81,1.12,11
CUST-0660,45,81,33,29,320,27,47,156,3.6,8
CUST-0661,58,148,33,6,31,84,15,75,12.18,10
CUST-0662,36,48,31,2,158,14,2,108,2.5,7
CUST-0663,47,36,98,22,210,29,30,109,7.87,1
CUST-0664,59,30,31,4,9,59,2,109,9.62,2
CUST-0665,20,134,97,2,4,49,24,73,4.64,14
CUST-0666,28,133,34,4,190,46,44,92,16.33,11
CUST-0667,67,80,48,23,269,83,6,53,1.17,0
CUST-0668,44,60,96,12,136,97,27,87,28.95,6
CUST-0669,42,31,79,3,316,94,33,175,15.46,13
CUST-0670,27,122,22,15,180,64,28,92,14.45,8
CUST-0671,66,60,66,20,354,64,40,97,6.03,5
CUST-0672,29,39,26,27,115,50,5,166,17.64,8
CUST-0673,64,48,63,18,187,89,0,175,10.79,10
CUST-0674,67,136,43,21,141,27,15,183,16.87,3
CUST-0675,34,107,6,8,50,9,26,57,8.01,3
CUST-0676,20,118,77,15,148,25,45,27,7.44,5
CUST-0677,27,120,70,12,180,57,21,46,2.95,10
CUST-0678,64,80,20,20,41,61,17,145,7.42,2
CUST-0679,47,98,40,11,38,67,43,105,19.37,10
CUST-0680,65,89,68,5,271,51,26,124,6.49,6
CUST-0681,19,125,72,6,349,45,27,136,22.57,1
CUST-0682,31,70,1,15,117,50,42,124,18.1,4
CUST-0683,39,89,21,3,206,25,22,199,27.83,8
CUST-0684,43,59,42,8,75,4,35,75,25.61,9
CUST-0685,67,82,53,21,26,89,35,120,4.32,13
CUST-0686,44,138,85,14,322,98,37,132,2.29,9
CUST-0687,32,125,32,8,23,22,5,78,22.99,12
CUST-0688,22,51,50,2,358,4,19,147,17.03,11
CUST-0689,49,62,56,3,10,82,8,84,21.29,12
CUST-0690,34,127,76,24,145,89,36,89,13.01,4
CUST-0691,68,133,5,18,278,87,14,35,24.58,2
CUST-0692,24,83,82,2,322,6,12,190,3.93,4
CUST-0693,46,111,91,23,357,2,47,136,29.15,1
CUST-0694,34,116,3,6,264,75,49,27,6.42,0
CUST-0695,21,63,88,23,129,24,7,75,27.32,0
CUST-0696,68,59,85,28,293,14,38,60,12.26,4
CUST-0697,30,111,99,29,351,46,47,136,15.13,9
CUST-0698,24,23,97,29,89,31,15,164,7.38,10
CUST-0699,67,20,9,11,133,88,21,57,12.48,13
CUST-0700,67,77,33,26,174,79,31,161,11.6,11
CUST-0701,23,142,25,14,10,60,43,170,18.39,14
CUST-0702,38,96,16,19,314,52,25,0,14.23,1
CUST-0703,24,126,65,27,170,46,0,5,7.41,12
CUST-0704,39,82,31,3,79,61,25,126,10.16,8
CUST-0705,56,143,10,27,132,11,15,89,24.06,10
CUST-0706,48,75,79,14,157,70,37,199,9.12,4
CUST-0707,31,122,34,9,163,17,43,193,20.33,5
CUST-0708,66,80,57,29,167,72,36,102,27.95,4
CUST-0709,46,148,9,19,70,96,37,86,6.45,1
CUST-0710,33,23,50,9,111,66,39,38,6.21,1
CUST-0711,65,60,20,24,352,55,4,49,3.17,13
CUST-0712,67,62,22,4,62,25,47,145,12.04,12
CUST-0713,55,62,95,28,235,65,26,0,23.53,9
CUST-0714,64,44,6,21,187,75,12,95,13.98,11
CUST-0715,37,118,44,23,183,32,16,31,28.74,10
CUST-0716,53,91,31,1,186,41,13,94,17.52,4
CUST-0717,36,44,14,19,213,66,42,176,21.82,9
CUST-0718,66,96,76,2,154,50,37,16,6.34,0
CUST-0719,40,32,81,23,202,39,41,92,11.5,4
CUST-0720,64,55,6,7,94,53,21,199,12.64,8
CUST-0721,40,70,96,7,106,45,30,109,18.84,12
CUST-0722,59,35,63,3,8,51,34,181,19.34,2
CUST-0723,33,23,91,17,96,74,31,109,8.52,8
CUST-0724,51,137,80,27,21,39,8,87,2.75,11
CUST-0725,47,66,39,10,357,14,29,20,18.12,3
CUST-0726,32,35,37,4,213,14,19,167,17.04,11
CUST-0727,36,87,57,25,213,39,9,167,26.63,11
CUST-0728,67,56,53,5,261,70,10,142,14.7,2
CUST-0729,36,44,42,29,137,32,13,110,17.09,1
CUST-0730,30,95,91,26,296,49,9,145,28.72,10
CUST-0731,58,62,70,11,228,70,11,64,10.77,13
CUST-0732,54,35,22,29,31,71,38,22,19.05,13
CUST-0733,25,93,17,15,105,91,23,113,6.87,14
CUST-0734,42,131,68,13,317,45,48,198,1.82,10
CUST-0735,32,23,21,13,56,76,13,169,10.34,5
CUST-0736,53,92,30,20,62,32,26,78,20.64,14
CUST-0737,28,50,87,11,262,55,6,92,13.67,14
CUST-0738,65,111,44,12,39,71,5,48,17.02,4
CUST-0739,48,139,88,3,82,5,17,177,2.23,5
CUST-0740,42,27,18,12,348,23,37,122,9.61,5
CUST-0741,46,111,92,6,318,9,38,60,9.39,11
CUST-0742,61,79,46,2,218,54,0,175,5.89,2
CUST-0743,30,40,39,29,338,0,5,61,28.16,0
CUST-0744,52,76,59,0,77,8,47,17,3.37,11
CUST-0745,47,82,42,13,280,5,32,163,5.79,11
CUST-0746,43,52,9,12,32,40,21,47,13.96,1
CUST-0747,60,70,34,26,327,4,13,82,6.86,7
CUST-0748,50,46,31,21,128,61,45,177,18.35,14
CUST-0749,60,125,59,8,304,54,34,188,26.33,1
CUST-0750,45,100,41,23,186,98,1,20,29.97,1
CUST-0751,63,116,68,29,11,80,19,22,29.6,9
CUST-0752,66,124,88,0,348,23,40,84,12.81,6
CUST-0753,53,35,79,11,76,12,3,46,15.33,7
CUST-0754,43,135,65,21,36,51,22,91,17.23,4
CUST-0755,38,59,38,21,267,99,4,37,29.24,9
CUST-0756,48,90,90,12,180,37,27,21,11.11,5
CUST-0757,56,70,14,13,92,68,32,97,13.44,7
CUST-0758,27,135,76,10,197,50,49,10,19.18,4
CUST-0759,61,120,53,28,334,35,4,63,7.31,8
CUST-0760,30,28,44,25,276,19,17,181,7.38,12
CUST-0761,23,96,41,0,179,32,3,86,12.24,11
CUST-0762,18,21,41,3,145,6,43,151,2.33,6
CUST-0763,51,104,27,5,327,41,14,156,17.64,2
CUST-0764,27,78,74,10,209,68,32,161,29.09,11
CUST-0765,64,118,54,13,151,42,45,69,16.48,1
CUST-0766,33,132,28,23,73,72,44,119,26.34,11
CUST-0767,36,140,11,10,83,20,21,189,23.5,4
CUST-0768,34,134,15,19,145,61,44,191,21.16,12
CUST-0769,21,68,22,20,241,78,41,50,11.77,12
CUST-0770,39,112,35,6,347,27,33,155,3.16,6
CUST-0771,21,36,20,11,16,66,38,165,13.13,10
CUST-0772,20,110,86,3,267,31,9,97,29.63,6
CUST-0773,46,81,6,15,168,84,12,70,6.8,13
CUST-0774,37,35,30,19,344,52,35,151,18.81,0
CUST-0775,54,42,40,17,59,92,4,37,5.31,7
CUST-0776,22,32,31,15,0,49,41,164,28.34,2
CUST-0777,51,81,65,23,221,6,42,81,25.86,2
CUST-0778,62,42,7,4,337,34,37,154,26.9,8
CUST-0779,67,99,9,13,197,38,40,195,17.67,4
CUST-0780,45,71,85,19,52,88,16,179,6.5,6
CUST-0781,65,116,74,21,243,53,24,33,11.12,6
CUST-0782,26,72,94,28,342,31,45,20,11.36,1
CUST-0783,50,73,25,5,307,70,41,134,21.34,7
CUST-0784,44,51,33,25,198,42,24,195,11.35,11
CUST-0785,43,48,59,28,114,14,31,60,4.38,6
CUST-0786,28,20,10,12,73,30,30,163,3.68,13
CUST-0787,34,143,92,12,153,85,24,143,28.99,11
CUST-0788,60,56,5,18,148,71,33,141,6.69,4
CUST-0789,40,73,15,3,87,50,28,162,6.39,3
CUST-0790,22,50,55,10,287,64,26,153,5.48,13
CUST-0791,21,55,51,24,232,14,12,32,27.15,5
CUST-0792,54,83,33,4,155,98,46,112,19.26,14
CUST-0793,39,66,59,17,115,55,11,169,2.4,13
CUST-0794,34,95,54,5,240,27,19,169,11.23,12
CUST-0795,19,109,58,25,179,53,18,32,20.1,11
CUST-0796,68,68,73,18,70,70,22,138,22.38,2
CUST-0797,50,83,71,6,333,10,10,158,1.32,9
CUST-0798,45,132,27,23,12,39,3,15,27.86,8
CUST-0799,59,70,36,11,178,63,38,121,22.69,6
CUST-0800,26,47,64,28,251,27,35,83,19.57,10
CUST-0801,49,143,27,1,64,36,7,162,12.09,13
CUST-0802,27,53,4,19,214,59,0,9,11.58,4
CUST-0803,49,125,96,21,346,99,6,77,11.53,8
CUST-0804,40,59,44,25,124,74,18,157,24.62,2
CUST-0805,21,94,58,15,150,20,2,9,20.66,12
CUST-0806,58,67,22,1,215,84,15,36,10.01,12
CUST-0807,55,134,86,14,267,16,23,148,16.77,0
CUST-0808,24,127,71,0,136,7,33,27,10.18,14
CUST-0809,47,36,65,27,53,38,21,170,5.37,12
CUST-0810,48,54,62,12,75,5,10,193,1.65,3
CUST-0811,44,149,2,16,311,19,37,51,1.52,4
CUST-0812,47,38,31,27,65,99,19,153,9.35,9
CUST-0813,55,73,46,20,87,52,48,17,25.35,13
CUST-0814,60,21,36,10,126,19,42,68,12.51,10
CUST-0815,64,105,39,16,281,35,15,43,27.47,3
CUST-0816,69,100,29,5,358,23,10,70,23.84,2
CUST-0817,34,137,8,9,171,45,4,177,23.4,4
CUST-0818,63,73,4,16,89,8,30,63,17.05,7
CUST-0819,25,93,84,28,267,60,23,189,16.31,5
CUST-0820,30,92,74,28,282,72,20,32,12.34,6
CUST-0821,64,122,19,21,302,72,32,30,27.86,12
CUST-0822,24,86,13,2,317,65,26,160,22.28,3
CUST-0823,53,94,43,24,165,15,10,92,23.78,8
CUST-0824,27,66,28,21,299,49,5,42,6.21,6
CUST-0825,26,52,98,23,180,87,32,108,11.93,11
CUST-0826,58,64,17,26,242,28,17,171,15.48,5
CUST-0827,40,110,14,1,350,14,5,155,7.82,3
CUST-0828,63,90,74,29,197,93,32,157,10.09,5
CUST-0829,51,109,72,19,159,16,43,25,20.0,7
CUST-0830,58,21,43,21,214,6,11,98,11.54,7
CUST-0831,25,103,26,4,293,81,47,7,12.64,2
CUST-0832,43,65,92,9,214,93,30,102,3.96,12
CUST-0833,54,63,75,13,102,39,35,158,14.23,3
CUST-0834,50,40,18,25,109,92,4,51,13.43,7
CUST-0835,62,33,6,18,234,6,11,10,8.8,11
CUST-0836,54,24,52,3,178,11,9,141,10.72,1
CUST-0837,63,123,28,14,331,72,17,192,10.66,5
CUST-0838,40,50,72,8,141,96,14,183,8.04,9
CUST-0839,26,131,6,18,292,25,30,123,16.53,0
CUST-0840,62,73,68,29,227,24,18,96,14.36,11
CUST-0841,34,31,19,0,260,42,47,168,26.3,2
CUST-0842,29,77,11,18,236,29,24,165,7.9,5
CUST-0843,41,47,23,9,113,1,4,90,13.96,11
CUST-0844,61,57,59,11,262,84,27,41,4.06,10
CUST-0845,23,120,65,28,139,86,18,121,15.43,8
CUST-0846,61,70,69,5,84,39,27,64,17.0,0
CUST-0847,18,146,71,13,255,84,20,182,4.19,7
CUST-0848,37,93,30,23,166,64,36,49,10.84,13
CUST-0849,62,84,70,5,306,54,43,193,10.07,3
CUST-0850,36,23,68,7,76,11,21,181,4.62,3
CUST-0851,68,40,41,28,48,50,47,18,14.0,13
CUST-0852,53,119,18,7,266,7,1,31,3.73,14
CUST-0853,63,49,67,21,218,33,29,120,6.59,7
CUST-0854,69,40,54,29,303,48,33,14,18.54,2
CUST-0855,32,29,44,16,331,91,12,23,21.09,4
CUST-0856,36,120,32,3,148,70,31,192,5.06,8
CUST-0857,33,21,66,5,356,39,49,187,1.9,4
CUST-0858,47,128,17,13,295,60,6,7,22.93,9
CUST-0859,48,110,79,24,47,88,26,10,27.79,11
CUST-0860,32,84,10,2,90,34,46,146,19.13,0
CUST-0861,50,81,59,0,298,28,14,108,17.77,13
CUST-0862,45,108,70,22,135,1,20,174,9.59,0
CUST-0863,62,117,60,11,300,83,3,137,11.66,10
CUST-0864,31,143,73,8,353,70,28,1,17.04,8
CUST-0865,45,50,13,15,190,14,5,43,2.2,12
CUST-0866,54,127,30,4,254,2,48,0,19.03,5
CUST-0867,24,64,51,8,73,84,17,164,23.32,3
CUST-0868,18,129,79,14,163,38,23,109,24.0,14
CUST-0869,45,33,68,1,115,76,44,84,3.43,3
CUST-0870,42,43,61,3,119,49,46,198,25.32,6
CUST-0871,38,36,37,4,209,44,47,75,11.8,4
CUST-0872,21,137,22,16,193,17,38,145,24.03,10
CUST-0873,41,114,86,3,40,94,21,196,12.09,5
CUST-0874,39,45,21,26,237,47,46,195,14.56,7
CUST-0875,35,110,10,12,77,7,26,146,7.76,1
CUST-0876,55,86,63,13,281,53,45,57,23.98,2
CUST-0877,64,38,78,25,81,98,17,1,15.84,9
CUST-0878,57,63,73,25,29,86,25,35,15.14,2
CUST-0879,32,83,43,6,70,18,27,60,3.95,14
CUST-0880,54,21,95,22,118,24,42,99,9.06,10
CUST-0881,18,77,72,28,273,84,10,1,2.14,9
CUST-0882,61,64,36,2,262,48,45,146,20.57,14
CUST-0883,45,127,10,20,147,38,16,21,11.18,9
CUST-0884,43,65,52,17,79,33,24,187,28.8,2
CUST-0885,52,89,25,8,313,60,33,60,18.58,10
CUST-0886,25,143,6,8,361,40,10,91,20.66,4
CUST-0887,26,90,95,28,259,6,25,75,12.21,4
CUST-0888,22,103,20,15,321,74,15,25,11.98,10
CUST-0889,25,40,2,11,17,9,46,49,24.11,11
CUST-0890,60,101,89,2,149,43,6,13,7.27,1
CUST-0891,25,72,62,16,201,8,25,112,24.55,12
CUST-0892,22,55,74,10,267,94,3,199,2.47,2
CUST-0893,56,70,77,7,58,5,29,79,21.67,6
CUST-0894,58,23,4,25,190,70,15,4,18.39,3
CUST-0895,55,48,29,0,339,52,36,44,13.69,14
CUST-0896,37,61,80,23,164,88,20,39,29.73,14
CUST-0897,59,50,87,21,221,40,44,167,6.71,13
CUST-0898,43,138,26,23,44,13,21,194,12.24,14
CUST-0899,36,67,47,17,178,84,20,41,20.38,14
CUST-0900,47,45,59,6,272,82,7,17,22.12,11
CUST-0901,37,147,92,17,187,85,9,128,8.64,13
CUST-0902,57,116,68,14,342,66,9,45,28.07,6
CUST-0903,60,75,38,20,102,78,42,9,4.75,7
CUST-0904,47,140,90,10,218,50,34,144,3.75,8
CUST-0905,36,110,50,9,339,24,16,165,29.74,14
CUST-0906,54,70,27,20,138,92,21,117,14.46,7
CUST-0907,18,136,49,26,105,35,41,167,16.35,12
CUST-0908,58,144,25,26,61,74,8,29,16.08,3
CUST-0909,53,59,52,2,320,5,24,189,13.29,2
CUST-0910,30,108,65,27,159,38,14,60,8.73,12
CUST-0911,43,76,72,29,76,64,10,64,4.44,10
CUST-0912,63,76,50,6,179,63,21,134,19.75,6
CUST-0913,35,98,69,27,215,55,23,116,20.56,13
CUST-0914,49,25,98,20,39,90,0,141,14.75,4
CUST-0915,53,139,16,23,62,13,32,44,2.32,14
CUST-0916,25,127,25,22,199,96,34,61,21.85,2
CUST-0917,28,91,31,18,307,0,25,115,15.5,11
CUST-0918,25,32,31,12,274,20,28,97,4.16,13
CUST-0919,63,100,89,24,237,27,11,164,7.39,14
CUST-0920,34,141,81,8,267,38,19,148,24.43,4
CUST-0921,61,145,44,27,278,35,19,47,12.45,4
CUST-0922,19,90,46,12,168,63,11,141,8.98,6
CUST-0923,52,140,82,18,166,99,8,31,11.2,6
CUST-0924,38,140,43,9,179,59,40,25,6.39,13
CUST-0925,24,77,3,12,189,83,47,71,29.06,14
CUST-0926,34,101,60,8,207,23,38,174,11.89,5
CUST-0927,62,83,60,4,178,64,32,53,1.7,9
CUST-0928,57,46,36,8,9,60,21,124,25.41,9
CUST-0929,59,59,22,12,353,49,46,155,15.25,9
CUST-0930,21,126,51,15,325,17,38,113,10.76,0
CUST-0931,59,104,2,17,264,81,26,34,5.65,6
CUST-0932,65,108,71,6,92,53,17,151,6.63,11
CUST-0933,55,122,97,4,273,98,7,149,29.08,14
CUST-0934,54,141,34,3,96,55,19,127,22.21,12
CUST-0935,48,136,30,15,68,3,11,130,25.63,14
CUST-0936,47,119,47,13,326,86,6,10,10.17,8
CUST-0937,32,67,35,24,201,35,37,71,25.38,3
CUST-0938,55,120,32,29,196,24,27,65,27.53,4
CUST-0939,58,149,23,20,71,2,36,142,15.26,7
CUST-0940,60,105,55,2,230,62,15,87,9.68,0
CUST-0941,20,112,70,17,14,30,10,144,25.74,14
CUST-0942,21,25,98,20,55,54,42,16,29.97,0
CUST-0943,46,68,30,27,160,20,46,113,15.23,1
CUST-0944,66,95,87,27,72,45,43,96,22.85,14
CUST-0945,21,135,81,27,361,1,18,97,9.93,2
CUST-0946,66,108,33,0,82,77,38,160,16.88,14
CUST-0947,56,105,84,8,15,6,41,149,26.52,13
CUST-0948,23,27,35,3,82,42,42,62,12.1,0
CUST-0949,54,107,4,2,141,80,0,130,7.17,12
CUST-0950,23,42,2,19,346,62,14,70,5.68,10
CUST-0951,62,67,33,2,7,42,1,161,1.13,5
CUST-0952,41,141,44,8,228,17,4,140,29.96,13
CUST-0953,58,60,6,1,122,37,44,164,6.01,8
CUST-0954,66,83,51,5,161,61,1,124,18.97,10
CUST-0955,64,93,65,15,87,19,15,84,17.05,8
CUST-0956,69,128,57,18,135,6,35,17,14.31,11
CUST-0957,45,40,48,29,70,53,33,0,2.59,9
CUST-0958,69,65,47,9,351,75,15,7,17.95,13
CUST-0959,60,119,55,4,31,17,11,5,21.9,2
CUST-0960,42,49,65,20,145,42,16,119,15.65,12
CUST-0961,45,102,69,8,330,79,38,100,29.7,3
CUST-0962,48,137,33,12,112,61,11,68,20.14,10
CUST-0963,68,138,94,10,253,59,8,63,15.33,2
CUST-0964,69,138,88,12,80,55,31,125,20.92,1
CUST-0965,55,26,95,15,7,61,48,176,17.86,1
CUST-0966,63,111,55,15,279,46,17,132,11.81,14
CUST-0967,51,145,52,14,185,61,9,132,23.64,0
CUST-0968,59,76,6,16,4,1,12,184,24.35,14
CUST-0969,56,148,77,18,331,55,2,146,16.19,10
CUST-0970,50,134,70,15,86,85,22,30,9.89,0
CUST-0971,66,90,24,12,184,70,11,23,26.79,1
CUST-0972,60,77,54,6,327,56,35,36,26.56,13
CUST-0973,34,54,24,10,253,47,11,86,16.41,10
CUST-0974,56,94,4,4,0,61,3,188,6.29,10
CUST-0975,24,43,56,26,312,79,4,2,9.68,0
CUST-0976,44,90,4,18,174,39,21,173,10.37,4
CUST-0977,31,114,44,27,184,29,31,11,20.72,10
CUST-0978,44,105,94,18,20,5,1,68,14.41,6
CUST-0979,25,28,50,26,185,49,44,142,5.35,5
CUST-0980,36,125,74,14,30,58,6,71,13.96,12
CUST-0981,48,73,96,9,69,20,29,90,1.19,8
CUST-0982,22,140,16,16,351,55,16,155,25.94,4
CUST-0983,30,112,41,26,6,54,45,28,27.34,11
CUST-0984,42,125,91,29,251,50,1,166,20.11,14
CUST-0985,67,111,4,12,257,11,38,13,21.54,13
CUST-0986,42,104,73,19,277,39,0,118,1.98,6
CUST-0987,38,120,9,7,157,80,37,21,3.42,8
CUST-0988,54,84,68,9,259,62,2,101,21.96,8
CUST-0989,38,63,10,21,248,66,24,15,25.79,0
CUST-0990,66,63,79,18,224,46,10,67,10.87,7
CUST-0991,53,42,67,7,61,81,17,47,22.3,0
CUST-0992,55,50,76,29,203,78,20,118,5.31,10
CUST-0993,21,141,22,6,354,4,25,77,12.98,2
CUST-0994,29,95,81,17,281,87,41,155,28.89,0
CUST-0995,19,94,75,28,24,92,0,53,27.41,9
CUST-0996,30,95,90,26,73,63,13,198,2.32,4
CUST-0997,68,23,24,22,350,56,3,25,1.81,5
CUST-0998,23,116,76,22,37,17,25,134,17.5,7
CUST-0999,36,126,91,12,62,22,19,196,17.3,7
CUST-1000,49,46,45,16,140,94,1,12,17.3,10
